#{"t_start": 1608115272.848021, "env_id": "multicomp/SumoAnts-v0"}
r,l,t,r0,r1
-113.033089,273,16.407469,1916.764554,-113.033089
-158.01905,309,32.722011,1076.665427,-158.01905
-142.160534,237,45.209316,1882.901301,-142.160534
693.855894,500,71.903103,681.427404,693.855894
856.379392,500,98.025349,744.937442,856.379392
-403.982012,178,107.184923,1752.674784,-403.982012
-706.518169,90,112.203973,1361.712309,-706.518169
-574.627608,142,119.912259,575.747502,-574.627608
-604.013767,160,128.791574,476.760347,-604.013767
-228.235986,318,146.84087,1010.561789,-228.235986
-685.009322,104,152.430163,1441.549217,-685.009322
170.287681,434,176.590534,2571.872684,170.287681
379.547189,500,204.34624,190.947762,379.547189
68.713357,347,223.518994,1297.244429,68.713357
-13.479187,421,248.796973,1085.338225,-13.479187
-820.584484,49,251.561626,1220.630607,-820.584484
-775.00346,163,260.622378,684.154075,-775.00346
623.754379,500,290.086899,805.734165,623.754379
-172.589949,253,304.883012,2145.403937,-172.589949
-570.083522,155,313.881673,623.216262,-570.083522
-597.091083,144,322.451967,513.010091,-597.091083
-711.408883,103,328.464406,415.211537,-711.408883
1281.830203,69,332.486262,-722.704951,1281.830203
-755.577745,162,341.869037,423.754267,-755.577745
-183.780856,277,358.795208,1111.62268,-183.780856
1061.860559,500,388.322691,829.226189,1061.860559
-506.189634,204,400.018498,814.007086,-506.189634
782.002665,500,430.293656,663.075066,782.002665
-621.443633,128,437.970989,1544.070151,-621.443633
118.564221,470,465.922927,1239.266463,118.564221
457.172661,500,493.58489,785.336971,457.172661
-471.438601,290,508.724077,737.338844,-471.438601
695.073404,500,535.921777,940.500214,695.073404
577.087121,500,565.568548,571.48078,577.087121
-125.379845,343,585.899855,1404.075688,-125.379845
368.682272,500,614.919074,583.86977,368.682272
-794.24441,123,621.878099,282.774331,-794.24441
-468.947463,251,636.085862,936.960707,-468.947463
-570.827722,121,643.060438,1530.016955,-570.827722
-540.767043,155,651.465343,1717.024107,-540.767043
584.383987,496,678.423705,1952.412627,584.383987
-458.807266,246,691.478204,1107.286353,-458.807266
-280.833924,260,706.148471,663.184439,-280.833924
-576.659708,126,713.400221,470.255783,-576.659708
-481.295482,172,723.120047,680.984291,-481.295482
-331.766347,240,736.788597,902.566815,-331.766347
-575.350984,155,745.402803,1588.192069,-575.350984
-859.30816,87,750.136957,252.545173,-859.30816
1078.632731,500,778.9008,846.207737,1078.632731
-563.176319,184,789.390875,712.577263,-563.176319
-826.430963,89,794.286096,225.487191,-826.430963
-410.303173,276,810.428431,793.921289,-410.303173
-605.067455,198,822.476535,701.489588,-605.067455
-872.089637,91,827.702617,206.924304,-872.089637
742.849294,492,854.736071,1315.408008,742.849294
-681.954752,103,860.526352,320.819641,-681.954752
230.961135,460,887.234212,3144.306298,230.961135
-648.49652,95,892.551919,1370.028666,-648.49652
114.608042,415,917.032212,1461.073182,114.608042
-463.458856,246,931.49128,599.673635,-463.458856
-845.600944,129,939.204688,429.601232,-845.600944
382.560504,500,967.842602,813.381177,382.560504
-482.805356,199,979.583688,1753.282167,-482.805356
-788.734027,89,984.713035,291.710862,-788.734027
-486.793247,200,996.59006,746.531536,-486.793247
-542.590847,147,1005.250457,1578.349428,-542.590847
766.621765,500,1034.7059,569.658045,766.621765
-704.145023,210,1046.92277,447.695902,-704.145023
-378.626405,232,1060.53176,473.307969,-378.626405
-790.627543,93,1065.849236,348.085116,-790.627543
-627.038767,119,1072.234777,469.037839,-627.038767
8.695129,348,1092.274552,1538.435834,8.695129
-570.881195,256,1107.085981,734.962317,-570.881195
-789.887983,76,1111.714673,334.158284,-789.887983
-524.721287,183,1122.445595,596.553115,-524.721287
324.747844,500,1151.926239,1038.574342,324.747844
408.737701,500,1180.652579,349.313454,408.737701
-859.924157,108,1186.710422,256.286656,-859.924157
-721.548344,133,1194.22815,1446.735403,-721.548344
255.21383,429,1217.783181,1534.820658,255.21383
-268.44376,249,1232.188505,918.040245,-268.44376
94.931116,52,1235.187375,-910.346528,94.931116
-897.631528,76,1239.381191,171.486041,-897.631528
-442.60127,333,1258.600939,1327.928657,-442.60127
-212.58775,358,1279.001527,1991.329505,-212.58775
-475.913124,205,1290.632071,677.230746,-475.913124
-671.257883,108,1296.203696,1485.887652,-671.257883
-620.069492,177,1306.024944,795.126801,-620.069492
824.150263,497,1334.069711,3022.968582,824.150263
328.319691,500,1362.690213,776.309171,328.319691
-825.560991,112,1369.144133,313.655803,-825.560991
713.030765,500,1397.207427,1169.350928,713.030765
-103.511029,500,1424.942582,440.493399,-103.511029
682.695963,404,1447.22366,847.923385,682.695963
-486.930452,250,1461.002306,639.798429,-486.930452
844.69956,500,1490.3829,704.475005,844.69956
-31.95247,363,1511.837607,2293.635996,-31.95247
541.994893,500,1541.637438,774.907891,541.994893
-636.860659,173,1551.840104,587.37732,-636.860659
-679.015109,125,1559.211361,384.082761,-679.015109
-154.36224,268,1574.616405,1151.232564,-154.36224
1159.208556,43,1576.962091,-823.257703,1159.208556
-438.869803,284,1592.788006,701.77697,-438.869803
-62.506363,450,1617.452693,1476.877331,-62.506363
-410.420056,194,1627.951591,746.570095,-410.420056
243.325463,421,1651.255327,2836.007318,243.325463
462.409717,500,1679.246876,805.221409,462.409717
-115.877046,500,1708.410924,330.950437,-115.877046
-691.848386,107,1714.679003,322.274812,-691.848386
100.583925,459,1741.484074,1367.482086,100.583925
-660.497823,195,1752.767416,615.729786,-660.497823
694.708118,435,1779.45598,2766.693907,694.708118
-767.689457,63,1783.119152,1253.372989,-767.689457
-160.569857,455,1809.912656,1338.504468,-160.569857
504.969499,500,1837.92,956.563279,504.969499
-778.194128,95,1843.074132,407.138174,-778.194128
-702.513487,251,1856.755733,726.743323,-702.513487
-745.951099,134,1864.272729,282.557201,-745.951099
-260.742395,253,1878.518003,1902.904201,-260.742395
314.756675,383,1901.152205,1274.280117,314.756675
307.922606,77,1905.600194,-811.974173,307.922606
680.22232,500,1935.879763,1038.316583,680.22232
1045.693551,500,1965.476891,1000.53751,1045.693551
405.522406,500,1994.828075,501.142801,405.522406
-143.952545,258,2009.374419,920.261019,-143.952545
432.21335,500,2037.324417,830.32765,432.21335
763.891681,500,2066.003071,822.029948,763.891681
-547.505153,168,2075.76081,362.13065,-547.505153
396.03184,500,2105.701967,457.25806,396.03184
-208.655474,197,2116.702173,1695.870117,-208.655474
-609.213518,273,2132.208991,1013.180841,-609.213518
-221.502506,353,2152.931245,1990.415192,-221.502506
1165.837655,60,2156.350705,-878.843915,1165.837655
595.621952,500,2185.633251,1068.573679,595.621952
-857.489844,51,2188.545152,1197.524558,-857.489844
-734.23867,150,2197.260461,547.087597,-734.23867
830.598531,500,2227.657694,1097.839904,830.598531
1182.021205,48,2230.40186,-832.108919,1182.021205
406.474542,500,2257.952297,1210.306757,406.474542
236.99107,500,2286.475191,1145.465719,236.99107
-221.96089,369,2308.264046,1067.374934,-221.96089
2439.994535,366,2330.418759,204.934713,2439.994535
270.900054,98,2336.13579,-705.874733,270.900054
636.72303,500,2365.095105,562.092361,636.72303
716.242852,500,2393.441124,539.003707,716.242852
-798.694277,75,2397.499861,1330.876025,-798.694277
89.420244,432,2422.814167,1313.168428,89.420244
-704.153648,167,2432.381685,660.73747,-704.153648
838.733755,500,2461.733195,926.476997,838.733755
-634.240643,122,2468.960254,509.715192,-634.240643
483.785866,500,2496.416067,529.815959,483.785866
-604.422318,121,2503.202718,1444.721359,-604.422318
824.218243,500,2531.258646,1074.939599,824.218243
-741.374185,114,2537.641476,367.324581,-741.374185
-460.135236,176,2547.357746,1556.29122,-460.135236
384.459649,465,2573.243611,1582.72192,384.459649
359.025314,500,2603.116192,1170.78777,359.025314
949.495076,500,2634.467105,975.6121,949.495076
-296.299446,223,2647.806079,1837.24216,-296.299446
-230.303162,261,2663.098275,950.42309,-230.303162
-578.560162,138,2671.543069,548.747599,-578.560162
644.674405,500,2700.922331,450.714261,644.674405
-483.355711,167,2710.330939,592.621767,-483.355711
180.058357,500,2738.531666,351.070537,180.058357
298.142885,97,2743.952418,-643.379543,298.142885
1194.759879,71,2747.851734,-768.218157,1194.759879
653.195689,500,2775.936795,671.548083,653.195689
-182.248177,280,2791.686415,1027.992878,-182.248177
-158.572664,418,2814.99617,1335.942903,-158.572664
721.409248,500,2843.200702,712.790201,721.409248
-318.147828,318,2861.985417,1291.375416,-318.147828
365.746355,500,2891.019241,1055.709282,365.746355
1037.393904,500,2919.497383,824.570037,1037.393904
978.132987,500,2948.833657,552.263039,978.132987
-669.706993,111,2955.326874,414.440776,-669.706993
337.739146,394,2978.622172,2453.329601,337.739146
-502.669255,151,2987.200242,458.112102,-502.669255
-522.197984,118,2994.336241,286.038999,-522.197984
367.593624,92,2999.84901,-819.046007,367.593624
356.969681,404,3022.194108,2493.61025,356.969681
454.115814,500,3051.082408,279.468424,454.115814
1141.469763,41,3053.880524,-836.330605,1141.469763
-92.259885,377,3074.718978,1951.092317,-92.259885
498.95472,500,3103.309783,1183.004797,498.95472
959.659111,500,3132.126917,626.870387,959.659111
1177.623795,47,3134.894682,-822.497002,1177.623795
-753.840757,213,3146.720722,725.909214,-753.840757
860.694883,500,3174.936668,891.975129,860.694883
588.296667,500,3202.814449,644.017676,588.296667
704.51543,500,3230.982518,582.972838,704.51543
716.150812,500,3258.931001,263.275602,716.150812
774.475055,500,3287.027325,1058.145734,774.475055
505.290203,456,3314.667176,2687.064415,505.290203
1187.21146,52,3317.65586,-789.952307,1187.21146
1188.869175,48,3320.620564,-811.061929,1188.869175
310.438167,119,3327.518814,-712.823365,310.438167
-117.970235,316,3346.637706,982.666869,-117.970235
-615.433319,118,3353.311955,525.147136,-615.433319
680.20223,500,3381.924621,742.749231,680.20223
584.020695,491,3410.653499,2215.392224,584.020695
253.913043,374,3432.139475,2360.208947,253.913043
-454.11646,266,3446.877334,772.422925,-454.11646
-608.722628,134,3454.682453,507.15501,-608.722628
-714.124419,88,3459.596487,336.845426,-714.124419
-313.049647,207,3471.91715,703.843265,-313.049647
699.773645,500,3502.286603,1083.249694,699.773645
456.93683,500,3531.971229,338.731239,456.93683
-520.768021,209,3544.594086,901.740543,-520.768021
-828.537328,68,3548.697274,278.822149,-828.537328
-437.74704,196,3560.831396,874.639948,-437.74704
-597.276939,138,3568.883423,510.370605,-597.276939
-328.703939,288,3585.74088,983.182748,-328.703939
655.401048,500,3726.453655,360.35593,655.401048
786.647292,500,3754.552953,784.841725,786.647292
310.317224,500,3782.480814,442.763253,310.317224
801.584967,500,3809.796053,195.308106,801.584967
-412.520846,230,3822.862613,844.131557,-412.520846
102.677016,381,3845.423545,2288.255752,102.677016
633.391187,500,3875.035708,315.860192,633.391187
356.849753,500,3902.800185,467.168856,356.849753
487.416477,500,3930.953751,1062.43531,487.416477
-417.203335,203,3943.096699,796.94015,-417.203335
-736.747727,124,3950.210664,447.289303,-736.747727
644.008022,500,3978.432591,897.120805,644.008022
795.207391,500,4006.361408,376.91803,795.207391
855.634267,223,4019.140276,-115.197202,855.634267
917.744416,500,4047.432984,975.892416,917.744416
313.944629,107,4053.475205,-607.117175,313.944629
2734.607096,441,4077.872686,507.752439,2734.607096
938.903431,500,4105.531782,796.381654,938.903431
736.976273,500,4133.819154,868.311735,736.976273
516.824824,500,4169.894642,926.555215,516.824824
792.722357,500,4197.864521,300.807466,792.722357
555.228795,500,4226.508967,1035.006654,555.228795
522.323121,500,4256.703271,1126.984852,522.323121
353.678797,500,4286.899599,985.946393,353.678797
486.673841,500,4319.493216,1171.504116,486.673841
673.834505,500,4350.306378,918.065759,673.834505
609.403592,500,4380.616316,546.024405,609.403592
-806.09689,56,4383.909765,1252.674014,-806.09689
574.696355,500,4414.693583,1108.63111,574.696355
251.18461,449,4440.492741,1637.241458,251.18461
-132.076723,273,4455.894501,1021.019349,-132.076723
-431.269028,222,4468.313382,553.51271,-431.269028
933.826913,500,4496.719188,849.298526,933.826913
953.665451,500,4524.84321,900.640479,953.665451
937.558998,500,4555.118587,1028.611777,937.558998
-569.009203,195,4566.970653,683.570662,-569.009203
64.604547,500,4598.131193,297.727065,64.604547
336.887343,107,4604.175435,-616.574846,336.887343
870.688345,500,4632.884742,649.075255,870.688345
2402.991913,368,4653.964809,344.613859,2402.991913
-497.382898,170,4663.651175,675.186839,-497.382898
64.351277,500,4692.183965,529.734417,64.351277
194.038475,500,4720.872159,130.858914,194.038475
223.617404,500,4748.831072,22.014235,223.617404
370.361493,500,4778.673563,314.400142,370.361493
1015.309071,500,4809.066379,152.344163,1015.309071
339.270308,500,4839.364456,1089.187917,339.270308
634.368298,500,4868.34488,360.51803,634.368298
508.352289,500,4897.264797,229.841803,508.352289
405.185073,423,4922.58426,2628.994382,405.185073
-478.312662,139,4930.623402,447.005588,-478.312662
481.761175,500,4960.616865,397.185391,481.761175
1257.189695,67,4964.559044,-705.246568,1257.189695
630.875351,500,4992.952977,480.029678,630.875351
843.594867,500,5021.516427,924.974562,843.594867
400.370745,500,5049.967202,225.250513,400.370745
782.097496,500,5078.632656,811.949504,782.097496
859.572428,500,5107.088305,915.748132,859.572428
270.05798,500,5135.720287,70.846505,270.05798
911.939359,500,5166.703385,754.264876,911.939359
358.339245,500,5197.726948,407.467482,358.339245
1071.23358,500,5226.572652,933.5511,1071.23358
710.330568,500,5255.736178,678.991852,710.330568
509.567421,500,5284.030912,246.89749,509.567421
331.75646,500,5313.19603,719.243457,331.75646
353.355839,500,5341.596518,129.472257,353.355839
-728.827969,123,5348.52399,404.909036,-728.827969
316.179447,500,5378.80721,973.630295,316.179447
428.776103,500,5406.6366,429.502293,428.776103
754.568169,500,5434.787696,964.784362,754.568169
-539.729718,125,5442.471585,492.174292,-539.729718
845.444366,500,5473.964587,1166.814149,845.444366
-694.191957,94,5479.807634,1405.516278,-694.191957
762.150001,500,5511.973897,935.985961,762.150001
535.300037,500,5542.845289,475.114967,535.300037
-491.501764,342,5562.899743,796.647246,-491.501764
1192.313407,45,5565.526061,-833.96359,1192.313407
-137.136239,333,5584.476863,2312.529728,-137.136239
-0.074837,333,5603.130621,1344.737881,-0.074837
767.518644,500,5633.128981,813.8378,767.518644
830.445161,500,5661.850858,373.333185,830.445161
911.602975,500,5690.632599,884.514163,911.602975
187.963924,500,5719.225723,624.989603,187.963924
697.206161,500,5748.577452,716.852107,697.206161
322.554238,500,5778.563246,692.378563,322.554238
1119.883148,500,5808.588014,963.367927,1119.883148
280.046354,108,5814.88636,-678.820717,280.046354
770.460525,500,5844.142651,936.822774,770.460525
522.503018,500,5873.096168,723.846826,522.503018
803.178643,500,5901.274768,1049.086267,803.178643
662.898152,500,5930.438235,572.730265,662.898152
807.496432,500,5960.132633,1041.383202,807.496432
1031.575962,500,5990.181849,828.821098,1031.575962
1212.242702,59,5993.322803,-747.737469,1212.242702
-55.099866,500,6021.879172,363.394069,-55.099866
587.863135,500,6050.441602,971.164168,587.863135
946.632287,500,6079.061305,753.307219,946.632287
-605.08391,216,6091.121787,649.238518,-605.08391
200.825387,500,6120.05918,552.600701,200.825387
351.097561,436,6145.105045,1751.342188,351.097561
294.954455,113,6152.146537,-751.545334,294.954455
1269.488591,68,6155.855578,-745.495395,1269.488591
1074.715797,500,6184.70065,762.096866,1074.715797
967.437299,500,6213.964279,739.382395,967.437299
89.278821,500,6243.00739,351.868506,89.278821
971.96803,500,6272.174295,975.793055,971.96803
305.092403,500,6300.614223,866.373179,305.092403
541.118527,500,6329.491589,592.984642,541.118527
959.735033,500,6360.264625,1064.482854,959.735033
617.415639,500,6390.329416,272.542197,617.415639
287.378259,104,6396.466628,-700.279768,287.378259
490.7541,500,6428.312583,717.768125,490.7541
765.040142,500,6460.274341,1300.345021,765.040142
-301.506158,500,6489.321716,687.428743,-301.506158
-446.863813,161,6498.593189,1568.96288,-446.863813
276.555464,500,6527.039804,929.790858,276.555464
476.963459,500,6555.525085,330.766461,476.963459
591.833761,490,6584.188629,2682.384731,591.833761
-371.064706,419,6609.989095,1009.301516,-371.064706
796.074541,500,6638.47675,350.774146,796.074541
-116.278579,500,6669.453044,131.447645,-116.278579
112.083966,366,6692.412795,1439.702889,112.083966
402.426457,123,6700.337069,-569.154125,402.426457
26.550858,500,6728.01626,738.015661,26.550858
648.970647,500,6756.294414,565.217543,648.970647
195.39463,75,6760.38134,-824.085272,195.39463
668.358357,500,6790.001337,333.557889,668.358357
733.95005,500,6819.695468,702.720854,733.95005
904.519127,500,6850.781062,312.134489,904.519127
643.942906,500,6882.116452,628.075975,643.942906
962.172417,500,6912.838491,785.286295,962.172417
436.430607,500,6944.093883,640.318836,436.430607
-470.242067,292,6960.452578,1078.120525,-470.242067
403.846092,500,6989.319336,1037.132012,403.846092
866.563433,500,7018.648242,922.569245,866.563433
-245.001632,287,7035.78711,995.016925,-245.001632
207.015716,316,7055.642112,2211.625175,207.015716
409.509244,500,7084.346227,606.463056,409.509244
415.140576,500,7112.551412,1039.933793,415.140576
-557.01873,117,7118.66159,1498.983304,-557.01873
355.18802,500,7147.80168,608.494476,355.18802
639.005594,500,7176.911046,-121.954972,639.005594
1023.06868,500,7209.884032,668.899935,1023.06868
658.430995,500,7242.155232,981.337754,658.430995
-853.879308,40,7244.792917,1150.578891,-853.879308
997.426166,500,7273.981028,885.837346,997.426166
1544.118597,143,7282.059062,-373.62907,1544.118597
433.726061,500,7310.816769,49.700816,433.726061
486.715997,500,7339.384752,843.816627,486.715997
1302.076204,88,7344.383591,-630.125347,1302.076204
-668.643216,118,7350.791107,458.392774,-668.643216
483.736391,500,7608.056456,657.914662,483.736391
468.945306,500,7635.569136,47.442649,468.945306
479.66796,500,7663.79056,537.889341,479.66796
-244.709805,262,7678.676634,1980.978078,-244.709805
-918.905302,55,7681.833055,143.928098,-918.905302
840.901067,500,7710.664003,819.141492,840.901067
330.894919,453,7738.900481,1637.015937,330.894919
-588.219912,122,7746.768015,434.588898,-588.219912
851.992406,500,7779.013129,1059.734488,851.992406
-796.709268,66,7783.192863,1261.353039,-796.709268
620.016566,500,7822.485593,224.915481,620.016566
975.506704,500,7853.812623,927.831597,975.506704
-424.792389,412,7877.372088,1312.518257,-424.792389
753.594165,500,7906.0865,1026.118219,753.594165
600.924007,500,7934.477445,833.540298,600.924007
546.402102,500,7963.277498,-205.973974,546.402102
834.865948,500,7995.554772,898.115419,834.865948
943.910191,500,8027.555265,987.774034,943.910191
246.966369,500,8057.429162,93.319173,246.966369
736.034527,500,8086.24076,261.647194,736.034527
211.445375,500,8114.046263,591.596819,211.445375
330.487348,500,8142.238251,897.182948,330.487348
-221.046184,426,8166.523343,1189.81251,-221.046184
-46.089617,500,8195.95241,201.347575,-46.089617
840.710666,500,8226.44757,1054.328079,840.710666
321.981618,500,8257.848087,321.825962,321.981618
757.733482,500,8288.854278,1081.2597,757.733482
551.927899,500,8317.260262,31.306086,551.927899
707.810814,500,8346.351705,553.42184,707.810814
1220.529923,68,8350.141371,-756.296477,1220.529923
694.795612,500,8378.505859,932.274599,694.795612
631.573799,500,8408.455728,1015.267974,631.573799
629.428834,500,8441.814853,1022.959229,629.428834
892.930505,500,8473.296084,1167.949983,892.930505
489.713243,500,8504.996524,120.058751,489.713243
732.467643,500,8536.121157,498.936486,732.467643
1171.869001,42,8538.569208,-817.591003,1171.869001
551.035839,500,8567.936882,616.26063,551.035839
-356.847187,371,8589.365767,1267.760999,-356.847187
178.211269,396,8613.684719,1460.809983,178.211269
932.824084,500,8645.112716,882.339248,932.824084
770.365124,500,8673.410739,1162.563024,770.365124
510.965341,500,8701.983806,148.905724,510.965341
498.892149,136,8710.249393,-692.942099,498.892149
-71.611128,416,8737.170605,1490.621246,-71.611128
161.584172,500,8769.962983,676.602817,161.584172
8.816667,500,8798.641285,298.249138,8.816667
-791.59969,59,8801.987017,1255.024033,-791.59969
1148.83603,43,8804.447664,-835.027389,1148.83603
-93.952733,443,8830.328655,1484.857507,-93.952733
-443.061472,210,8842.498724,594.657592,-443.061472
215.659839,406,8866.066368,1418.488803,215.659839
693.488373,473,8893.510111,1251.169715,693.488373
873.666552,500,8922.474525,801.24101,873.666552
915.596494,500,8951.65918,728.002504,915.596494
844.929335,500,8980.77577,1169.805403,844.929335
550.23818,493,9009.912972,3034.797611,550.23818
-768.501489,65,9013.828446,1291.041449,-768.501489
233.4292,500,9048.599535,1232.378831,233.4292
882.360719,500,9081.228547,504.576225,882.360719
682.38528,500,9109.661729,491.265072,682.38528
-193.695948,279,9125.399077,2048.963934,-193.695948
1034.306636,500,9153.940011,842.658686,1034.306636
855.516316,500,9182.623088,365.535863,855.516316
775.838537,500,9211.366213,802.733625,775.838537
634.802951,500,9242.744515,453.43969,634.802951
381.955433,500,9272.679995,731.816224,381.955433
362.162874,500,9301.658494,234.165471,362.162874
778.917407,500,9331.662108,551.884951,778.917407
961.668639,500,9363.793981,408.366647,961.668639
542.355003,500,9394.3498,664.684468,542.355003
-438.63351,174,9404.65694,1717.76814,-438.63351
729.474247,500,9433.272219,560.716647,729.474247
526.818539,500,9462.141081,544.445327,526.818539
32.753442,500,9490.613138,48.19102,32.753442
881.979991,500,9520.840003,733.070449,881.979991
-372.832235,200,9533.257798,514.149905,-372.832235
-455.591939,373,9557.336283,1137.267433,-455.591939
1173.959616,50,9560.372501,-793.904493,1173.959616
786.845439,500,9591.742617,644.90102,786.845439
1325.676691,94,9597.612416,-665.322859,1325.676691
976.797471,500,9629.039441,1002.997609,976.797471
277.443807,108,9635.048399,-701.515138,277.443807
729.773023,500,9665.518165,600.214524,729.773023
281.48377,500,9694.636334,1206.60139,281.48377
-109.982514,314,9713.125571,1161.048541,-109.982514
-816.583801,49,9716.003928,1197.449212,-816.583801
-419.113542,334,9735.447283,1186.356472,-419.113542
550.260432,500,9764.290867,917.354594,550.260432
779.525981,500,9792.612922,914.691884,779.525981
126.251742,338,9812.42011,2127.324634,126.251742
1210.551502,54,9815.507731,-769.265983,1210.551502
-674.097298,175,9825.488137,607.297142,-674.097298
-333.929683,500,9854.753267,734.749075,-333.929683
1000.049932,500,9885.137279,837.715558,1000.049932
558.752224,500,9917.489451,486.795675,558.752224
716.269895,500,9947.741685,500.311401,716.269895
942.293299,500,9976.465434,622.369025,942.293299
-716.68597,81,9980.930677,1329.194189,-716.68597
471.760661,500,10009.995484,905.911706,471.760661
472.525,500,10039.093223,849.883186,472.525
741.951681,500,10068.374801,325.711889,741.951681
467.287462,500,10097.467075,646.796464,467.287462
-674.594945,121,10104.691971,503.008918,-674.594945
-262.145449,282,10122.31299,2121.360117,-262.145449
-182.921534,269,10139.664546,2105.532337,-182.921534
891.933189,500,10172.122728,781.802678,891.933189
891.234496,500,10202.656089,991.423127,891.234496
936.571711,500,10233.719394,445.832766,936.571711
254.368006,500,10264.113681,633.376824,254.368006
768.083591,500,10292.856945,1061.036654,768.083591
1209.601127,68,10296.871205,-706.971179,1209.601127
-638.752618,254,10311.608167,918.171172,-638.752618
253.535441,500,10340.939745,488.369189,253.535441
658.495103,500,10370.457536,389.850937,658.495103
977.519867,500,10401.150115,692.026668,977.519867
39.509252,500,10431.700586,194.384521,39.509252
-698.039956,79,10436.332968,1283.759768,-698.039956
854.909202,500,10465.264378,825.193639,854.909202
304.121623,500,10494.700369,712.703929,304.121623
-505.188524,161,10503.912853,1674.01603,-505.188524
-789.893217,57,10507.113444,1163.693883,-789.893217
932.214808,500,10535.741387,1075.563539,932.214808
480.479386,500,10565.31618,694.364776,480.479386
-526.885498,133,10573.510973,1455.787668,-526.885498
-730.096718,201,10585.809407,545.633831,-730.096718
601.586647,500,10614.624881,96.096114,601.586647
902.940103,500,10643.414351,853.435863,902.940103
892.446087,500,10672.516922,578.867368,892.446087
775.856556,500,10701.123979,417.764345,775.856556
607.076189,500,10730.111764,691.214839,607.076189
726.768308,500,10758.752188,903.360523,726.768308
730.618635,500,10789.258527,692.125693,730.618635
156.251175,500,10822.630708,205.061884,156.251175
349.401216,118,10830.284059,-673.554627,349.401216
767.280702,500,10862.361967,683.003639,767.280702
213.821532,500,10890.420701,-14.449222,213.821532
802.265257,500,10919.898082,841.693758,802.265257
889.396079,500,10951.638267,376.41323,889.396079
80.844755,500,10983.280168,494.022032,80.844755
1215.512118,73,10987.854889,-821.26863,1215.512118
-885.701065,41,10990.66422,1126.015952,-885.701065
315.494285,500,11022.410866,782.86064,315.494285
961.106102,500,11055.332363,559.926673,961.106102
479.300535,500,11088.579449,377.055221,479.300535
533.290235,500,11120.222335,450.728385,533.290235
104.178062,500,11151.283428,1139.3877,104.178062
-698.393394,279,11168.730643,795.101337,-698.393394
-773.706592,62,11172.667366,1185.417171,-773.706592
601.652073,500,11205.431055,647.039266,601.652073
863.297749,500,11238.241111,456.257859,863.297749
724.498848,500,11269.544151,519.195619,724.498848
-50.737921,500,11301.090048,391.824898,-50.737921
1412.977366,179,11311.277956,-486.647631,1412.977366
328.695032,92,11316.767751,-730.368729,328.695032
235.441542,90,11322.087669,-801.85776,235.441542
27.806163,500,11350.966335,867.22705,27.806163
432.285759,500,11701.011654,857.478779,432.285759
503.094808,500,11730.157312,888.446796,503.094808
-532.168099,170,11740.009305,659.833811,-532.168099
-366.08394,178,11751.193435,1671.587772,-366.08394
-450.824498,320,11771.556188,930.571997,-450.824498
296.97483,500,11803.490394,628.699131,296.97483
1335.552003,85,11808.469229,-643.67508,1335.552003
730.474289,500,11839.095173,1065.602308,730.474289
517.75656,500,11869.556174,324.602404,517.75656
309.00121,147,11878.703387,-714.396685,309.00121
355.972496,103,11885.44013,-603.527546,355.972496
5.999433,500,11916.755399,1069.995708,5.999433
512.437471,500,11948.800333,1075.068912,512.437471
951.738102,500,11980.950642,243.55891,951.738102
663.547515,500,12011.988301,904.116754,663.547515
468.021149,500,12041.688623,604.055857,468.021149
643.823723,500,12071.749879,839.750356,643.823723
886.295609,500,12107.807313,989.691267,886.295609
421.542398,500,12136.837813,642.140099,421.542398
649.118522,500,12165.407584,681.021963,649.118522
510.092734,500,12194.15699,231.705607,510.092734
337.727508,500,12223.439039,579.80037,337.727508
988.191075,500,12252.507259,1062.428804,988.191075
183.687513,500,12281.117048,702.716506,183.687513
859.99465,500,12309.908634,682.505387,859.99465
536.014527,500,12338.796606,384.03147,536.014527
1172.934849,52,12341.712482,-841.313306,1172.934849
784.264787,500,12370.977544,301.670605,784.264787
482.199821,500,12400.024996,-24.547219,482.199821
665.837728,500,12430.246462,-35.494728,665.837728
219.594743,432,12457.860239,2742.597911,219.594743
496.614337,500,12490.317319,159.948296,496.614337
801.588382,500,12522.558644,923.920358,801.588382
-751.705806,134,12530.837535,1557.40187,-751.705806
208.838806,111,12538.210256,-857.168928,208.838806
646.98886,500,12570.70865,758.727861,646.98886
911.078569,500,12603.119026,681.950628,911.078569
734.665745,500,12634.201887,486.954954,734.665745
400.269562,109,12640.571779,-617.046065,400.269562
2348.728303,375,12662.28637,379.459422,2348.728303
363.326119,500,12692.975706,1206.220315,363.326119
683.729139,500,12724.301495,630.968282,683.729139
939.075545,500,12755.977239,756.678607,939.075545
1166.069585,52,12759.042792,-791.889769,1166.069585
899.187356,500,12789.571248,904.24759,899.187356
323.097198,500,12820.261214,341.174902,323.097198
-585.05357,125,12828.14922,1423.328415,-585.05357
1200.425474,59,12831.877221,-797.419249,1200.425474
525.541695,453,12860.280178,2530.910847,525.541695
-531.154906,192,12872.280955,667.192636,-531.154906
373.764117,500,12903.030984,842.842857,373.764117
738.253996,500,12934.085749,832.220001,738.253996
858.640822,500,12966.050766,720.497189,858.640822
313.248676,500,12998.859476,934.727499,313.248676
726.683103,500,13029.061875,172.563521,726.683103
711.619681,500,13058.178735,630.580231,711.619681
782.763471,500,13090.037695,793.552382,782.763471
574.374014,500,13122.592851,950.782528,574.374014
-813.155133,82,13127.887943,1272.053857,-813.155133
-872.738994,37,13130.330978,1152.806353,-872.738994
1023.298022,500,13163.051174,674.626641,1023.298022
-526.750885,151,13173.269008,519.48258,-526.750885
965.76438,500,13204.479054,920.138044,965.76438
-28.436705,500,13233.399756,391.316356,-28.436705
445.699146,500,13263.367142,557.258671,445.699146
1201.928467,63,13267.426473,-744.729652,1201.928467
311.017081,500,13302.103215,508.160088,311.017081
941.838423,500,13335.250351,705.804708,941.838423
-62.775219,274,13353.37991,2062.402914,-62.775219
855.702157,500,13385.654346,694.474666,855.702157
-564.996298,166,13396.72353,582.691381,-564.996298
971.939121,500,13429.317984,716.557945,971.939121
856.521658,500,13461.812285,1011.450614,856.521658
99.093313,500,13491.842419,119.444404,99.093313
315.430632,500,13521.684878,330.28614,315.430632
960.801842,500,13551.912285,-6.367216,960.801842
838.304464,500,13582.592579,758.492642,838.304464
761.787009,500,13611.801256,729.641476,761.787009
186.775196,103,13617.732764,-737.415684,186.775196
111.392425,500,13646.892678,995.408187,111.392425
697.746059,500,13676.640769,533.826455,697.746059
636.950424,500,13706.167481,429.731777,636.950424
120.239182,399,13731.703889,1208.419649,120.239182
687.561796,500,13763.866721,982.901671,687.561796
250.752784,500,13793.807099,653.692407,250.752784
720.640153,500,13823.734077,1089.987595,720.640153
-784.984465,108,13830.014791,370.891619,-784.984465
803.953071,500,13859.338021,596.316324,803.953071
319.437952,500,13888.72358,10.693365,319.437952
110.539988,500,13920.567327,760.239036,110.539988
-796.013042,67,13924.7429,1233.077544,-796.013042
495.179973,500,13955.71975,413.32038,495.179973
260.76914,500,13987.904816,-169.473442,260.76914
343.35368,500,14019.762988,516.835619,343.35368
753.708846,500,14049.381658,66.720251,753.708846
-32.763396,401,14073.01386,2441.489342,-32.763396
627.858868,500,14102.565715,1196.702592,627.858868
-862.535987,43,14104.944276,1179.893095,-862.535987
878.936525,500,14133.752037,632.335432,878.936525
391.630617,500,14162.950064,933.019579,391.630617
952.445744,500,14192.182042,933.675609,952.445744
-415.46419,274,14209.69434,1135.899315,-415.46419
-121.709693,500,14242.909072,161.060467,-121.709693
500.896364,500,14275.071792,792.357295,500.896364
-845.21158,43,14277.676123,1132.944939,-845.21158
658.885365,500,14306.636029,426.32729,658.885365
501.63768,500,14335.956909,803.473491,501.63768
128.525977,500,14365.845185,939.053588,128.525977
158.321778,58,14369.342884,-890.211643,158.321778
204.124088,500,14399.135408,560.746737,204.124088
324.092127,500,14428.155396,322.722705,324.092127
351.042687,500,14457.610424,1015.157241,351.042687
710.193125,500,14486.95032,567.776883,710.193125
279.438912,418,14512.118939,2562.392063,279.438912
497.066767,500,14546.289991,687.133943,497.066767
181.669022,500,14579.006159,166.161733,181.669022
812.187796,500,14608.332154,-82.851393,812.187796
259.936405,108,14614.597007,-783.866074,259.936405
1129.777563,44,14617.080292,-822.159704,1129.777563
611.313845,500,14646.834938,765.397393,611.313845
627.9559,500,14676.077484,587.305565,627.9559
944.909905,500,14705.089536,855.495129,944.909905
-35.090617,401,14729.056128,1472.183885,-35.090617
980.653061,500,14758.912085,652.892241,980.653061
913.418894,500,14790.242448,764.271839,913.418894
140.444656,500,14821.559962,810.376561,140.444656
-651.787533,137,14830.382607,431.954126,-651.787533
-245.516704,466,14860.025863,1545.934258,-245.516704
-789.252148,54,14863.37769,1227.999329,-789.252148
749.545398,500,14895.43139,323.720571,749.545398
608.307868,500,14926.953669,261.213438,608.307868
710.045163,500,14959.394946,1064.791539,710.045163
-62.492674,500,14991.54797,245.765967,-62.492674
374.900017,500,15023.249868,685.606928,374.900017
456.591953,500,15052.060679,774.636313,456.591953
359.628572,500,15081.257519,420.068102,359.628572
748.375175,500,15115.222273,973.843892,748.375175
1203.016313,60,15119.070887,-761.995205,1203.016313
818.84865,500,15153.978752,778.517197,818.84865
526.235992,500,15184.802459,970.249092,526.235992
944.469734,500,15215.193199,748.035691,944.469734
114.941529,500,15244.022063,706.520066,114.941529
300.363466,500,15272.866583,92.387573,300.363466
1027.66176,500,15302.593414,591.348063,1027.66176
300.713048,500,15333.020598,-114.65885,300.713048
-692.705186,102,15339.671954,1450.860007,-692.705186
330.25857,500,15373.802361,336.025542,330.25857
959.819876,500,15407.303811,646.832964,959.819876
833.100608,500,15439.211293,1154.489229,833.100608
309.808571,99,15445.405005,-721.608873,309.808571
-702.63147,114,15452.509915,488.126878,-702.63147
705.239881,500,15482.845128,640.007402,705.239881
658.177353,500,15511.844749,863.389664,658.177353
860.307782,500,15955.096999,667.983506,860.307782
596.069992,500,15986.412596,880.438039,596.069992
395.781087,427,16012.760405,2130.636896,395.781087
866.63179,500,16042.021236,679.499138,866.63179
-701.710446,100,16047.940299,1346.920749,-701.710446
1019.485291,500,16076.828598,578.242518,1019.485291
-319.102244,204,16088.79101,1655.711308,-319.102244
665.117353,500,16118.388811,121.668142,665.117353
246.800281,500,16149.06261,163.137393,246.800281
237.51978,92,16154.594264,-790.815958,237.51978
1170.873584,53,16157.899797,-785.083807,1170.873584
723.486377,500,16189.003155,808.87979,723.486377
-676.550817,105,16195.747573,1310.579983,-676.550817
1159.675188,42,16198.608074,-837.040229,1159.675188
275.010628,500,16231.064884,666.250697,275.010628
506.03558,500,16262.616045,497.817772,506.03558
429.23793,500,16291.686645,408.628752,429.23793
698.83162,500,16321.820372,441.825605,698.83162
723.399273,500,16361.739046,1027.792841,723.399273
1044.626412,500,16393.833112,986.844495,1044.626412
976.946948,500,16423.063596,763.222674,976.946948
466.331689,500,16452.635164,652.917937,466.331689
251.47186,500,16481.933451,859.283227,251.47186
706.230892,500,16512.300683,648.205649,706.230892
820.881937,500,16541.824971,703.522332,820.881937
892.050584,500,16571.735178,659.296287,892.050584
-453.348677,500,16601.153438,828.406774,-453.348677
345.686531,500,16630.715231,846.054026,345.686531
598.012722,500,16660.542565,1042.942917,598.012722
393.034876,500,16690.202112,418.662564,393.034876
621.904118,500,16722.507222,550.057336,621.904118
1212.436386,78,16727.446629,-698.074781,1212.436386
498.495592,500,16760.455067,626.127772,498.495592
325.234425,500,16793.568127,348.587737,325.234425
-475.283744,167,16804.397508,595.563376,-475.283744
-529.72286,344,16827.794022,919.658658,-529.72286
-329.0286,467,16859.533434,2020.112954,-329.0286
762.721431,500,16893.141955,462.065864,762.721431
297.548464,500,16922.299709,645.853121,297.548464
744.002007,500,16951.28199,1078.189618,744.002007
586.782974,500,16982.253045,178.326226,586.782974
915.673802,500,17011.254572,1078.750752,915.673802
561.025617,500,17040.933496,-43.710276,561.025617
891.365769,500,17070.3771,720.779202,891.365769
2405.343121,476,17097.872789,161.149792,2405.343121
807.14656,500,17126.946302,435.905046,807.14656
1186.158064,56,17130.05157,-770.751091,1186.158064
380.005158,101,17136.341631,-710.636014,380.005158
-63.802539,500,17165.499724,126.218187,-63.802539
1141.991632,48,17168.250379,-813.602466,1141.991632
758.283312,500,17197.896363,671.010609,758.283312
-827.293139,45,17201.13865,1197.177183,-827.293139
629.840594,500,17233.629437,924.06742,629.840594
798.028797,500,17266.184412,1132.399374,798.028797
801.263112,500,17295.390179,879.570608,801.263112
679.533403,500,17324.733466,896.421014,679.533403
-803.051266,54,17328.24265,1183.069121,-803.051266
-676.289543,96,17334.248718,1397.419384,-676.289543
2513.87121,399,17360.055035,401.669634,2513.87121
305.481644,500,17391.892021,725.773336,305.481644
1168.102734,44,17394.867494,-815.754951,1168.102734
847.290394,500,17427.160393,925.469917,847.290394
-502.254933,234,17442.282626,779.933507,-502.254933
198.247467,144,17451.963084,-541.585649,198.247467
688.999944,500,17485.470965,895.627688,688.999944
471.009545,500,17518.436379,544.983618,471.009545
288.053024,500,17551.916006,657.881427,288.053024
383.573719,449,17582.643158,1397.249705,383.573719
-384.626509,348,17606.053081,1090.557539,-384.626509
393.133627,500,17640.35846,710.987774,393.133627
707.91905,500,17674.392974,945.375994,707.91905
436.225283,382,17699.374681,1047.457231,436.225283
1195.617581,52,17702.519223,-776.911245,1195.617581
685.534186,500,17734.584354,877.068785,685.534186
904.453871,500,17766.316881,1108.724066,904.453871
541.695562,500,17798.685923,730.068658,541.695562
1157.797623,40,17801.335573,-862.539638,1157.797623
547.534748,500,17834.192094,900.928083,547.534748
188.299304,500,17866.270982,591.873225,188.299304
770.531704,500,17895.301648,947.425939,770.531704
987.038174,500,17924.353295,922.964397,987.038174
456.266278,500,17953.751955,716.699132,456.266278
447.446627,500,17983.680633,552.787762,447.446627
534.630017,500,18017.088273,-173.940453,534.630017
465.208481,500,18050.084968,605.252511,465.208481
885.169487,500,18083.548563,666.275497,885.169487
693.871612,500,18117.662158,630.303302,693.871612
324.58356,500,18149.916769,408.736032,324.58356
936.083624,500,18183.663346,447.841241,936.083624
560.561073,500,18213.59719,457.574331,560.561073
709.132974,500,18242.728233,965.264816,709.132974
531.340958,500,18271.719566,711.961052,531.340958
866.994682,500,18301.153133,679.111793,866.994682
391.096426,500,18333.090463,489.333099,391.096426
-753.885268,77,18338.41951,1289.444092,-753.885268
1166.675802,44,18341.300511,-819.733595,1166.675802
-875.768925,45,18344.353517,1190.705281,-875.768925
1416.519188,454,18374.012956,-526.777442,1416.519188
972.069488,500,18406.919574,729.740394,972.069488
-845.460912,44,18409.664893,1174.674892,-845.460912
238.769299,400,18435.807147,1105.581666,238.769299
-850.754316,49,18439.594487,1185.101962,-850.754316
473.958736,500,18470.640698,771.483917,473.958736
222.809269,500,18500.960577,201.516175,222.809269
738.683472,500,18530.438789,33.55703,738.683472
421.897666,500,18559.463183,614.489494,421.897666
1160.937744,43,18561.818579,-877.280579,1160.937744
895.021161,500,18594.970641,1012.440373,895.021161
558.17553,500,18627.602933,873.055207,558.17553
1010.958475,500,18660.655586,315.207296,1010.958475
-655.321681,154,18670.339951,1486.830153,-655.321681
947.857945,500,18702.989524,636.87917,947.857945
1007.796393,500,18732.542996,781.110942,1007.796393
-239.466106,500,18762.547807,18.072497,-239.466106
796.531562,500,18797.320966,257.415348,796.531562
-837.773301,42,18800.010776,1155.276516,-837.773301
870.772073,500,18833.005932,209.480282,870.772073
285.560794,500,18861.792505,570.508186,285.560794
-11.82392,500,18891.23129,868.727573,-11.82392
652.366591,500,18923.587656,123.998057,652.366591
395.960458,500,18956.189576,324.066175,395.960458
669.324959,500,18988.777324,372.010666,669.324959
865.829222,500,19021.220574,639.510001,865.829222
537.340706,500,19054.317868,463.179726,537.340706
1980.751778,278,19072.62022,58.752474,1980.751778
296.186213,500,19105.242619,520.236345,296.186213
532.421886,500,19138.619995,1035.554913,532.421886
703.995316,500,19171.600117,1062.553878,703.995316
-96.66715,500,19203.737095,-88.501525,-96.66715
951.881581,500,19235.911581,366.747749,951.881581
792.410473,500,19266.330582,712.177073,792.410473
589.992863,500,19298.361616,543.125089,589.992863
701.825073,500,19331.226084,737.318955,701.825073
754.308672,500,19364.425331,967.448426,754.308672
517.891685,500,19397.847342,518.477819,517.891685
352.085823,500,19432.163954,917.833698,352.085823
815.798621,500,19465.077396,75.651426,815.798621
477.41113,500,19497.194708,405.950096,477.41113
-626.727792,129,19504.520749,348.089357,-626.727792
364.5822,500,19533.520669,439.40515,364.5822
859.696634,500,19564.287821,532.666082,859.696634
78.729899,500,19597.538886,340.844207,78.729899
879.941916,500,19630.379686,506.102179,879.941916
253.344434,99,19636.776996,-633.406584,253.344434
97.484255,500,19669.916438,-9.077691,97.484255
-756.298557,79,19675.12236,1276.302559,-756.298557
796.063454,500,19705.600238,667.186333,796.063454
535.259458,500,19735.52544,-115.087875,535.259458
1262.84435,110,19741.940987,-683.0659,1262.84435
288.900115,500,19775.68782,353.459378,288.900115
906.837534,500,19808.767529,800.066554,906.837534
157.930887,500,19838.719423,300.621131,157.930887
520.546154,500,19868.439561,1092.477529,520.546154
476.973829,500,20413.966717,311.012476,476.973829
492.286174,500,20446.145717,309.128341,492.286174
567.12105,500,20478.140599,715.275106,567.12105
284.674336,500,20511.970436,294.331517,284.674336
-751.284981,259,20528.617268,194.31796,-751.284981
321.081295,116,20536.18186,-754.643218,321.081295
109.898066,70,20540.891127,-884.832651,109.898066
349.34148,500,20574.524233,416.177916,349.34148
532.760204,500,20608.06282,422.001035,532.760204
1021.281848,500,20648.184788,672.147001,1021.281848
-635.145964,143,20657.552459,449.908179,-635.145964
115.661256,384,20681.142459,2465.150462,115.661256
836.384882,500,20710.139103,704.374038,836.384882
1379.358106,107,20716.460415,-763.395587,1379.358106
699.155236,500,20748.812269,603.01298,699.155236
438.081121,500,20781.735139,741.222513,438.081121
-50.002759,500,20812.666265,118.412694,-50.002759
-146.633468,500,20842.752435,562.577069,-146.633468
589.164246,500,20874.235539,272.811044,589.164246
403.418881,500,20906.891124,729.055124,403.418881
6.762144,500,20940.358697,-192.028675,6.762144
910.579037,500,20974.169284,629.617578,910.579037
610.536654,500,21006.176093,694.284194,610.536654
251.273611,98,21011.945592,-748.59696,251.273611
452.804022,126,21019.332923,-666.945406,452.804022
382.618077,110,21025.811973,-597.484278,382.618077
143.25105,298,21043.486886,2170.165941,143.25105
235.885173,94,21049.031005,-825.781664,235.885173
942.238083,500,21080.510135,86.602517,942.238083
954.362972,500,21111.69856,836.792889,954.362972
799.9239,500,21144.592629,1046.379121,799.9239
945.269468,500,21177.145473,129.278129,945.269468
-707.547389,79,21182.204585,1303.462687,-707.547389
537.346357,500,21215.304667,50.891108,537.346357
413.47574,500,21250.101173,435.286657,413.47574
-117.060654,487,21282.199327,961.342484,-117.060654
189.622308,500,21315.635821,396.28142,189.622308
217.175218,79,21321.076516,-830.956689,217.175218
538.183196,500,21350.153322,122.20907,538.183196
293.054865,500,21379.985787,85.69235,293.054865
792.782989,500,21409.427551,885.898019,792.782989
920.931849,500,21438.473456,737.207103,920.931849
745.537691,500,21470.141817,879.763788,745.537691
288.842479,500,21501.648091,26.744867,288.842479
607.746653,500,21534.904192,488.895983,607.746653
675.367026,500,21568.339908,939.163043,675.367026
696.00127,500,21602.314342,335.291801,696.00127
506.807324,446,21632.102588,1234.976222,506.807324
-819.604743,80,21637.33511,198.783833,-819.604743
663.826995,500,21668.25304,472.361416,663.826995
944.787059,500,21698.147393,473.570153,944.787059
1160.538295,45,21700.77751,-839.580304,1160.538295
-775.72212,90,21706.466872,1354.557193,-775.72212
466.912035,500,21739.236825,201.942649,466.912035
1066.909234,500,21772.414301,683.882008,1066.909234
-633.724887,116,21780.117953,268.346353,-633.724887
-737.512411,95,21786.297823,363.027044,-737.512411
169.223934,500,21820.015378,985.075952,169.223934
623.126694,500,21853.613116,615.294816,623.126694
820.026315,500,21883.000123,664.00757,820.026315
820.267085,500,21914.187407,462.989471,820.267085
782.362458,500,21948.249544,328.260704,782.362458
-804.373092,60,21952.359329,1188.594983,-804.373092
797.521555,500,21985.012504,761.867407,797.521555
1271.110191,89,21990.186907,-717.459104,1271.110191
-595.192089,302,22007.904693,709.062858,-595.192089
1024.110297,500,22038.286596,397.043109,1024.110297
785.50985,500,22072.248495,421.549774,785.50985
884.120967,500,22105.295743,736.385105,884.120967
855.002718,500,22136.51015,815.689657,855.002718
942.03255,500,22168.274074,1048.405707,942.03255
369.797033,500,22201.747315,155.281742,369.797033
939.15797,500,22235.250946,776.762197,939.15797
109.359176,500,22268.481407,577.284407,109.359176
748.259678,500,22301.396152,904.065097,748.259678
-136.988418,500,22330.957566,150.758423,-136.988418
876.786251,500,22359.897684,778.249928,876.786251
450.406554,500,22392.806153,534.513065,450.406554
1256.982972,77,22397.782909,-718.60898,1256.982972
-251.740217,433,22426.69152,2454.999447,-251.740217
314.740748,500,22461.34274,771.395323,314.740748
339.763557,131,22469.76036,-718.718354,339.763557
852.752168,500,22501.890301,437.913675,852.752168
368.185363,126,22509.013855,-677.560532,368.185363
608.84415,500,22538.609813,-48.343817,608.84415
573.533658,500,22568.437414,930.814045,573.533658
861.097524,500,22598.758136,789.93021,861.097524
288.656186,500,22629.157063,558.310655,288.656186
539.716762,500,22658.986121,-347.469922,539.716762
617.437872,500,22689.552481,515.456668,617.437872
1266.14066,75,22694.487273,-738.655053,1266.14066
-793.066708,61,22698.472012,1232.559164,-793.066708
698.541183,193,22710.736328,-531.202387,698.541183
424.406309,500,22743.771963,661.309325,424.406309
675.426972,500,22777.870342,597.252421,675.426972
1644.886985,178,22789.606435,-417.050797,1644.886985
741.07435,500,22822.542673,378.61048,741.07435
864.80062,500,22851.992121,1113.210291,864.80062
964.340755,500,22881.601485,467.830627,964.340755
1303.63835,86,22887.230906,-660.373016,1303.63835
893.103992,500,22920.331503,238.622428,893.103992
702.134023,500,22953.701036,709.506596,702.134023
930.698187,500,22986.822826,93.088418,930.698187
795.871995,500,23020.171679,721.024591,795.871995
518.492904,500,23049.807799,448.478902,518.492904
597.618927,500,23081.171903,585.232018,597.618927
604.607864,500,23116.006111,310.723463,604.607864
384.871232,500,23150.849278,-29.792977,384.871232
-657.701857,109,23157.980057,1380.614736,-657.701857
444.697003,500,23191.693636,432.201107,444.697003
927.917508,500,23225.040608,715.920827,927.917508
-132.938208,322,23243.851578,1219.751082,-132.938208
669.79158,500,23272.84937,517.942105,669.79158
516.890647,500,23303.103696,1096.51184,516.890647
-760.100895,79,23307.624318,1291.27905,-760.100895
615.174566,500,23337.556878,695.053332,615.174566
632.358159,500,23371.107677,783.22066,632.358159
816.296585,500,23404.557376,400.344927,816.296585
904.508741,500,23437.537765,808.342036,904.508741
-231.368651,222,23451.900294,524.504645,-231.368651
466.045172,500,23483.286106,915.030626,466.045172
317.843462,124,23490.35813,-783.958385,317.843462
281.558822,500,23519.726806,222.309977,281.558822
115.724441,500,23550.557171,-99.371113,115.724441
389.1998,500,23583.059065,920.144001,389.1998
483.355273,500,23616.08544,687.353735,483.355273
1299.714404,76,23621.101724,-738.617072,1299.714404
1356.402791,108,23628.15026,-631.264617,1356.402791
505.254668,500,23661.618756,97.286954,505.254668
774.014522,500,23693.105488,113.057374,774.014522
1194.823566,55,23696.264326,-796.704568,1194.823566
698.692043,500,23725.574503,569.075623,698.692043
282.211177,500,23757.892754,131.751858,282.211177
-596.611392,119,23765.626003,328.556723,-596.611392
155.699652,500,23798.8881,630.365299,155.699652
1056.155051,500,23832.933561,765.636668,1056.155051
504.11883,500,23865.952024,771.648002,504.11883
722.109278,500,23895.889958,2.176326,722.109278
415.593223,500,23925.048086,174.934579,415.593223
-490.438072,235,23939.715009,942.328809,-490.438072
447.379442,500,23972.731528,828.765779,447.379442
580.199626,500,24005.821553,183.711835,580.199626
722.792271,500,24039.215037,944.773733,722.792271
683.020251,500,24072.614452,595.733307,683.020251
784.658294,500,24105.583654,806.18268,784.658294
634.624525,500,24138.390749,913.641032,634.624525
1125.726754,41,24140.718497,-844.994895,1125.726754
757.487484,500,24170.109052,1014.74178,757.487484
215.941971,500,24200.868205,131.550139,215.941971
98.498792,500,24234.722419,286.794748,98.498792
553.951575,500,24267.327601,385.607393,553.951575
8.600653,441,24293.924906,1428.022358,8.600653
376.461652,120,24300.700587,-689.320701,376.461652
265.268815,500,24330.330505,430.519897,265.268815
826.099204,500,24360.508523,598.553709,826.099204
345.688782,500,24389.945776,245.215397,345.688782
591.092616,500,24989.733459,1005.706521,591.092616
723.85319,500,25019.281631,764.798127,723.85319
829.201509,500,25048.262056,803.202972,829.201509
861.004122,500,25078.071575,563.99881,861.004122
809.104053,500,25111.502867,501.478137,809.104053
538.063463,500,25144.934691,600.130334,538.063463
977.963811,500,25174.393926,674.927742,977.963811
744.829505,500,25204.447015,553.797883,744.829505
-725.800391,79,25209.469434,1301.001252,-725.800391
945.79971,500,25243.26106,588.900421,945.79971
728.194503,500,25277.180572,805.11529,728.194503
768.832848,500,25310.236724,-79.164322,768.832848
484.328525,500,25343.027779,616.566056,484.328525
928.655928,500,25374.725555,707.535795,928.655928
178.439045,500,25406.454884,879.810689,178.439045
674.450201,500,25435.990601,310.510253,674.450201
798.342918,500,25465.774958,989.529133,798.342918
371.651351,500,25499.61885,1213.047779,371.651351
884.896316,500,25537.296909,711.911525,884.896316
890.521568,500,25567.718655,929.818002,890.521568
409.186905,500,25597.376451,461.383438,409.186905
-828.556333,53,25600.80353,1200.251978,-828.556333
1183.737497,47,25604.045226,-874.297082,1183.737497
621.442391,500,25637.875426,553.558566,621.442391
676.654336,500,25671.490336,521.872897,676.654336
523.2296,500,25704.740627,324.209513,523.2296
759.162384,500,25738.294454,538.504142,759.162384
294.316891,500,25772.706097,183.242406,294.316891
549.967739,500,25806.796414,901.589364,549.967739
-721.039156,74,25812.148463,1278.388506,-721.039156
2547.693701,453,25843.250554,158.103627,2547.693701
987.074564,500,25877.931487,742.317247,987.074564
862.313261,500,25910.753956,619.603261,862.313261
804.759602,500,25944.666917,588.133099,804.759602
414.774772,500,25975.29202,841.581858,414.774772
845.499768,500,26005.444445,988.911617,845.499768
668.091669,500,26039.783605,439.438495,668.091669
573.851433,500,26073.792316,787.351904,573.851433
2600.739978,436,26102.701206,489.471404,2600.739978
426.595629,126,26112.198412,-606.389654,426.595629
553.852,500,26145.39777,818.289411,553.852
-613.396519,233,26161.083243,861.26886,-613.396519
342.675547,500,26195.319508,384.232611,342.675547
928.81724,500,26229.209773,615.263383,928.81724
323.5396,500,26264.199177,-210.40319,323.5396
848.798531,500,26298.206523,263.711397,848.798531
589.95131,500,26331.424414,798.815736,589.95131
905.422045,500,26366.006329,857.235192,905.422045
645.91081,500,26395.931759,167.135531,645.91081
716.523456,500,26426.8553,710.933917,716.523456
285.031867,487,26460.042017,1196.532883,285.031867
-781.090656,73,26465.178001,1251.463861,-781.090656
1217.550469,62,26469.280987,-777.204478,1217.550469
898.388917,500,26503.809616,529.702225,898.388917
805.503254,500,26537.468194,888.994364,805.503254
846.195757,500,26571.634489,519.854776,846.195757
519.307492,500,26605.893234,531.218562,519.307492
214.051919,500,26639.000142,428.094841,214.051919
894.279869,500,26668.935264,718.307633,894.279869
374.005281,500,26700.089185,912.437807,374.005281
451.843815,500,26734.607297,647.157212,451.843815
934.04651,500,26767.873467,662.256587,934.04651
-156.846663,500,26801.861891,407.895795,-156.846663
769.797625,500,26835.68175,158.367987,769.797625
718.992831,500,26869.083175,533.135994,718.992831
942.033643,500,26902.072193,738.844811,942.033643
277.691395,121,26909.904861,-709.50116,277.691395
190.161119,500,26942.918235,385.423412,190.161119
669.692241,500,26975.558643,393.906982,669.692241
554.430456,500,27009.58557,82.591963,554.430456
402.473821,500,27042.269824,735.573973,402.473821
417.433447,500,27072.738204,331.058095,417.433447
251.540458,500,27103.749593,387.788015,251.540458
-505.405128,133,27112.591053,433.574721,-505.405128
1153.253127,45,27115.459457,-803.109577,1153.253127
821.097451,500,27149.328043,1196.479192,821.097451
239.883893,500,27181.66508,58.217795,239.883893
335.425083,500,27211.906203,808.111165,335.425083
791.66728,500,27244.220223,774.445613,791.66728
617.9399,500,27277.569101,433.861412,617.9399
888.44779,500,27310.595169,397.513264,888.44779
818.900308,500,27343.409109,481.490614,818.900308
410.234431,500,27375.880438,326.693873,410.234431
751.467393,500,27408.872123,563.637205,751.467393
651.443972,500,27441.764441,570.719535,651.443972
704.864089,500,27477.172571,138.185031,704.864089
956.128012,500,27512.831422,507.753346,956.128012
13.83443,500,27547.393604,-261.539963,13.83443
749.069479,500,27581.113579,735.356451,749.069479
267.008375,500,27614.326633,-198.775643,267.008375
79.407208,500,27646.534531,-241.131645,79.407208
663.65335,500,27676.405121,449.139782,663.65335
346.909759,500,27706.117159,971.670427,346.909759
800.659435,500,27735.528048,-11.73336,800.659435
677.009947,500,27765.104381,572.107805,677.009947
488.270754,481,27793.761538,1314.553566,488.270754
786.93065,500,27823.397811,691.432507,786.93065
989.920916,500,27856.630131,637.158988,989.920916
300.404246,500,27889.697529,-127.690869,300.404246
708.989176,500,27923.139703,254.293658,708.989176
532.122802,500,27958.280615,955.200299,532.122802
573.827576,500,27988.241987,963.571249,573.827576
670.160843,500,28018.140093,1110.859645,670.160843
757.429967,500,28049.464704,534.319884,757.429967
634.113575,500,28081.738413,809.408328,634.113575
681.889705,500,28111.234221,880.895177,681.889705
-86.16556,337,28132.205045,2030.287789,-86.16556
230.935188,500,28164.775144,698.232026,230.935188
589.703576,500,28198.44793,119.616643,589.703576
839.057142,500,28232.57771,818.189258,839.057142
1211.926977,53,28235.958284,-830.602787,1211.926977
548.148906,500,28268.66351,788.829435,548.148906
253.102944,500,28302.014587,-132.590062,253.102944
844.246621,500,28335.884702,812.014637,844.246621
628.291571,500,28369.358628,863.602054,628.291571
888.853259,500,28403.239063,918.573189,888.853259
911.574501,500,28437.631559,864.948136,911.574501
529.076551,500,28469.563488,-235.396656,529.076551
1115.994204,38,28472.031666,-861.512061,1115.994204
641.962624,500,28503.950588,564.536622,641.962624
943.731091,500,28533.221429,348.054806,943.731091
884.338196,500,28565.800644,467.82922,884.338196
2692.231893,483,28598.70612,761.462194,2692.231893
-69.569772,258,28616.333774,1802.086462,-69.569772
678.838822,500,28648.225784,357.026964,678.838822
541.318411,500,28678.993453,675.602867,541.318411
299.84026,500,28708.601866,670.812623,299.84026
734.794967,500,28738.098363,514.130242,734.794967
1247.726258,73,28742.46108,-740.384377,1247.726258
692.055266,500,28775.833809,500.281893,692.055266
783.962633,500,28810.197942,1030.553379,783.962633
963.394965,500,28840.736522,995.728644,963.394965
-54.688067,500,28870.31088,547.385728,-54.688067
539.827483,500,28900.972247,709.971377,539.827483
89.647362,500,28931.436503,63.211151,89.647362
844.038567,500,28962.198604,497.357763,844.038567
1600.304637,163,28971.983205,-432.969862,1600.304637
257.738099,500,29001.680098,209.492541,257.738099
791.965838,500,29697.037229,745.71391,791.965838
637.284131,500,29726.873059,1101.499364,637.284131
808.596225,500,29759.624749,705.43369,808.596225
-558.462413,138,29775.991766,1551.377097,-558.462413
509.542315,500,29809.368957,1011.411845,509.542315
-320.024132,178,29819.817086,1641.669944,-320.024132
752.756494,500,29849.464723,581.084519,752.756494
-518.841505,125,29856.763493,356.990167,-518.841505
537.842169,500,29889.175235,720.767207,537.842169
-84.915437,401,29916.037966,1214.143808,-84.915437
1181.204599,51,29919.387774,-809.062468,1181.204599
-570.690289,174,29931.482505,1564.569633,-570.690289
366.416207,500,29962.416303,1019.485148,366.416207
2255.500251,387,29985.091737,302.864625,2255.500251
-836.278012,52,29988.091481,1210.339565,-836.278012
459.647332,212,30000.742434,-645.461852,459.647332
588.578368,198,30012.60168,-372.097373,588.578368
839.648227,500,30042.415359,1.444597,839.648227
895.33239,500,30073.872387,1031.147212,895.33239
553.311878,500,30107.082434,375.525811,553.311878
682.560964,500,30138.925099,0.428595,682.560964
624.165296,500,30168.396119,406.830214,624.165296
824.677168,500,30199.954945,617.913517,824.677168
1242.357913,71,30204.603141,-714.128557,1242.357913
449.492308,500,30237.268436,37.361967,449.492308
1339.941315,107,30244.270807,-612.643267,1339.941315
799.202668,500,30274.912967,490.289358,799.202668
579.835704,500,30304.638734,711.973537,579.835704
1253.768932,67,30308.464029,-711.895264,1253.768932
654.483027,500,30338.953197,343.31628,654.483027
179.789059,500,30368.774258,238.517264,179.789059
-710.05784,145,30378.754485,420.663811,-710.05784
657.540121,500,30408.982193,736.926837,657.540121
374.245829,500,30438.068819,690.376491,374.245829
132.99396,500,30468.328452,312.388466,132.99396
818.864354,500,30499.465528,822.338825,818.864354
1423.088056,107,30506.843426,-640.246475,1423.088056
174.677256,500,30541.159563,245.065494,174.677256
56.955732,500,30575.263904,-140.804841,56.955732
810.778912,500,30608.291493,431.844841,810.778912
100.245896,344,30630.312029,1267.058184,100.245896
-233.073573,245,30646.25781,1861.535343,-233.073573
306.43885,500,30676.558913,-137.106384,306.43885
847.380365,500,30708.156026,784.19581,847.380365
-856.581406,42,30710.944576,1163.871851,-856.581406
912.938753,500,30743.936976,508.401999,912.938753
677.398542,500,30776.935246,123.875101,677.398542
-806.76493,53,30780.616638,1187.745146,-806.76493
279.748372,500,30813.977993,69.056504,279.748372
472.495154,500,30846.745079,489.329468,472.495154
880.397957,500,30878.473852,907.930388,880.397957
1423.520812,106,30885.525413,-555.865925,1423.520812
949.905573,500,30917.268741,132.19355,949.905573
-305.891205,500,30947.649356,869.304995,-305.891205
894.759437,500,30980.277375,682.649135,894.759437
376.324276,500,31013.940328,326.657352,376.324276
660.833175,500,31045.685066,851.478163,660.833175
907.04693,500,31077.251805,1060.562011,907.04693
-37.364478,405,31103.18599,1421.997435,-37.364478
205.969472,500,31133.406723,507.787874,205.969472
-581.400294,135,31141.521169,564.091158,-581.400294
842.764709,500,31172.426393,1015.25188,842.764709
-284.859629,500,31206.405446,727.359399,-284.859629
984.071854,500,31240.433955,823.297697,984.071854
677.818138,500,31274.984278,214.827149,677.818138
510.215404,500,31309.261631,352.300348,510.215404
928.040046,500,31342.353143,780.909015,928.040046
-614.256472,103,31349.044313,1415.960862,-614.256472
599.338132,500,31380.675028,566.475521,599.338132
816.900106,500,31412.655539,61.237928,816.900106
855.198635,500,31443.778944,866.450931,855.198635
550.719162,500,31473.503443,623.369622,550.719162
-202.319181,362,31497.144284,1244.478042,-202.319181
-733.257817,247,31513.80023,508.66709,-733.257817
770.318745,500,31547.584405,355.388631,770.318745
910.521525,500,31581.927644,522.626774,910.521525
408.63573,500,31617.583025,364.139856,408.63573
-79.229412,500,31652.443704,74.349548,-79.229412
444.341249,136,31661.680525,-681.274922,444.341249
847.827936,500,31693.824753,536.979591,847.827936
638.444075,500,31727.557592,408.092454,638.444075
839.005775,500,31761.52259,889.83522,839.005775
684.623077,500,31793.53352,845.749652,684.623077
809.365708,500,31823.723656,793.214141,809.365708
257.558592,128,31831.628297,-550.416359,257.558592
498.544003,500,31862.202132,1023.083021,498.544003
553.118922,170,31872.081514,-656.285884,553.118922
939.401916,500,31902.696675,997.800267,939.401916
530.992579,500,31936.336104,575.194221,530.992579
681.724955,500,31968.988916,476.741181,681.724955
181.897259,500,31998.422895,117.400445,181.897259
826.535625,500,32028.142282,981.257463,826.535625
598.9678,500,32061.849357,178.33788,598.9678
479.733918,500,32094.546412,-189.052702,479.733918
244.105359,500,32129.274084,0.073959,244.105359
1184.364199,54,32132.677585,-833.891336,1184.364199
790.542164,500,32167.297327,616.109185,790.542164
-12.039245,500,32197.3973,787.956879,-12.039245
1219.119367,62,32201.045392,-791.491932,1219.119367
925.762433,500,32233.366827,539.321625,925.762433
663.890818,500,32265.720599,788.825697,663.890818
674.053866,500,32299.453857,-161.040843,674.053866
723.481597,500,32328.498532,558.171974,723.481597
531.536662,500,32357.798699,765.017249,531.536662
751.073242,500,32390.84309,897.0478,751.073242
497.813893,500,32423.982883,384.122337,497.813893
805.519524,500,32456.935354,490.591022,805.519524
774.12868,500,32489.474005,287.125975,774.12868
493.190392,500,32521.151402,664.045537,493.190392
708.139675,500,32553.669434,640.855402,708.139675
582.956363,500,32584.747933,382.100076,582.956363
850.463438,500,32615.637899,539.395117,850.463438
-834.666287,47,32618.668999,1187.816266,-834.666287
852.892478,500,32652.443811,670.01767,852.892478
562.559273,500,32686.176715,490.24153,562.559273
570.395331,500,32717.014075,83.746412,570.395331
610.151326,500,32749.0139,275.644411,610.151326
336.362741,117,32756.450557,-694.655712,336.362741
-853.333156,48,32759.221448,167.220813,-853.333156
879.015855,500,32791.998718,552.499209,879.015855
505.408655,500,32826.583768,147.502541,505.408655
708.980807,500,32859.287963,561.878924,708.980807
-733.575001,73,32863.934312,1274.632506,-733.575001
1003.425174,500,32897.322605,799.525839,1003.425174
537.117354,500,32931.153292,-75.621131,537.117354
698.025981,500,32966.087622,806.092182,698.025981
-798.43867,51,32969.194802,1188.078933,-798.43867
652.155949,500,33002.788426,622.895299,652.155949
617.018501,500,33036.383481,26.330324,617.018501
314.644883,110,33043.662604,-638.148687,314.644883
708.703487,500,33077.708196,1013.981931,708.703487
725.92037,500,33110.094493,619.124963,725.92037
665.673366,500,33138.900757,381.872142,665.673366
168.080761,500,33168.755446,452.988731,168.080761
511.497293,500,33198.385141,758.743299,511.497293
-796.803342,64,33202.243274,1225.21986,-796.803342
423.352216,500,33233.391753,749.026954,423.352216
340.049621,500,33266.227418,678.284104,340.049621
527.837458,500,33299.607278,510.440531,527.837458
1083.356366,500,33333.386544,393.812479,1083.356366
267.17604,101,33339.889375,-810.267739,267.17604
715.426266,500,33374.139239,441.68628,715.426266
745.865046,500,33407.132344,353.719594,745.865046
-104.328946,500,33442.005152,974.378379,-104.328946
492.095024,500,33475.402553,283.880106,492.095024
-782.013681,90,33481.336094,1335.854692,-782.013681
883.909425,500,33515.14672,739.56256,883.909425
865.319944,500,33547.945509,225.077124,865.319944
752.923712,500,33582.536081,302.158608,752.923712
268.209582,140,33591.932552,-724.239903,268.209582
453.606211,500,33625.973478,203.898162,453.606211
303.435283,142,33636.216379,-638.154017,303.435283
753.668562,500,33668.949378,167.062155,753.668562
625.448553,500,33701.934234,988.581234,625.448553
689.056935,500,34535.102772,1225.612273,689.056935
811.117,500,34564.936468,835.539401,811.117
538.902276,500,34595.029892,382.52279,538.902276
456.747478,500,34625.939252,549.890311,456.747478
849.069063,500,34667.896786,619.423324,849.069063
740.120687,500,34701.271457,170.497458,740.120687
659.91168,500,34734.332213,724.415652,659.91168
200.678302,113,34741.973199,-855.952133,200.678302
-78.709709,239,34758.240242,1966.780207,-78.709709
263.919999,500,34791.58967,528.78725,263.919999
675.040045,500,34825.32996,634.461634,675.040045
665.67359,500,34859.536595,350.621346,665.67359
576.261483,500,34893.652474,-313.466447,576.261483
533.937338,500,34926.439632,369.776907,533.937338
804.377557,500,34955.96325,325.922338,804.377557
44.935065,500,34986.601581,-136.871971,44.935065
304.770941,500,35017.342596,1004.559433,304.770941
193.642794,100,35023.286736,-703.873649,193.642794
248.359833,500,35055.692281,278.733519,248.359833
612.434329,500,35090.304192,119.439072,612.434329
756.446393,500,35124.936539,-25.40875,756.446393
1136.707937,39,35127.349792,-844.97922,1136.707937
1134.415318,52,35130.485725,-834.645022,1134.415318
602.165221,500,35163.218142,-20.974885,602.165221
643.091266,500,35194.059698,197.042669,643.091266
995.290478,500,35223.803998,855.344162,995.290478
691.364638,500,35255.370151,845.496905,691.364638
479.253139,500,35290.435448,489.827635,479.253139
902.534075,500,35323.602232,460.027452,902.534075
325.410492,500,35355.589001,622.275933,325.410492
-136.628007,500,35386.724492,460.233268,-136.628007
625.971617,500,35417.095675,869.658027,625.971617
510.139817,500,35447.849875,893.179608,510.139817
803.291896,500,35479.417298,651.281022,803.291896
898.650631,500,35512.31178,786.398516,898.650631
325.690701,500,35547.566228,226.11887,325.690701
326.477369,137,35556.672951,-872.74657,326.477369
1078.533303,500,35590.128823,852.348604,1078.533303
217.824628,108,35597.041744,-612.524064,217.824628
673.612997,500,35629.478282,240.945294,673.612997
181.338788,97,35635.986271,-731.718472,181.338788
301.71919,92,35642.282582,-684.32914,301.71919
-819.350497,54,35645.722813,1205.228295,-819.350497
140.708218,500,35678.701505,313.065188,140.708218
675.612012,500,35711.98657,838.118546,675.612012
818.624427,500,35745.715604,964.680567,818.624427
643.116977,500,35779.718894,41.267075,643.116977
646.025099,500,35813.540075,627.53042,646.025099
162.79681,500,35848.756301,189.180405,162.79681
680.77263,500,35883.648632,609.157135,680.77263
575.939531,500,35917.601283,127.996255,575.939531
517.435933,500,35949.136627,454.13539,517.435933
635.075842,500,35980.9922,432.980627,635.075842
338.796516,500,36011.747058,370.518485,338.796516
771.723829,500,36042.372614,765.134927,771.723829
911.925549,500,36076.142812,412.352805,911.925549
974.853579,500,36109.817539,645.544565,974.853579
824.834837,500,36143.193646,114.802767,824.834837
941.292258,500,36177.078191,363.134929,941.292258
380.094381,104,36184.138711,-767.961204,380.094381
1000.037801,500,36218.090197,584.979989,1000.037801
1306.026921,100,36224.829239,-640.209681,1306.026921
666.202267,500,36259.766755,191.504961,666.202267
871.564971,500,36293.762329,565.192476,871.564971
554.677894,500,36326.90758,853.869421,554.677894
689.096228,500,36361.45125,408.251719,689.096228
472.623578,500,36397.093118,915.061073,472.623578
764.875301,500,36431.87848,269.050619,764.875301
-174.250854,500,36466.785821,-236.056761,-174.250854
690.754055,500,36502.805305,555.520862,690.754055
23.304373,500,36536.185637,93.256121,23.304373
1306.607088,79,36540.499199,-655.853786,1306.607088
828.397741,500,36570.041021,640.989462,828.397741
-445.352699,143,36578.211431,491.026063,-445.352699
904.63955,500,36609.404321,720.958311,904.63955
552.893255,178,36621.134813,-681.701094,552.893255
698.672255,500,36656.052778,240.274122,698.672255
674.383692,500,36687.867395,824.245132,674.383692
1132.626455,39,36690.229704,-838.912273,1132.626455
535.219724,500,36720.850471,-52.382,535.219724
1135.168018,40,36723.131552,-843.51483,1135.168018
-535.575304,135,36731.53519,484.42487,-535.575304
827.549681,500,36766.128484,636.339619,827.549681
-43.069827,500,36800.75152,1014.875957,-43.069827
720.191773,500,36832.643177,235.114563,720.191773
425.224674,500,36865.946419,126.558376,425.224674
808.106856,500,36901.648045,590.864363,808.106856
600.672383,500,36935.197569,469.460293,600.672383
666.589561,500,36966.756453,-59.823384,666.589561
1151.097617,43,36969.54294,-822.977733,1151.097617
276.338248,500,37002.612559,494.183748,276.338248
792.821722,500,37033.096741,957.237668,792.821722
292.780441,500,37064.17328,801.45145,292.780441
933.969807,500,37100.370542,659.654739,933.969807
885.039664,500,37132.966004,934.02836,885.039664
726.607701,500,37163.911329,482.971767,726.607701
702.043316,500,37193.825405,622.717583,702.043316
104.291523,500,37227.870402,70.277857,104.291523
1020.229356,500,37261.922665,278.420713,1020.229356
771.899196,500,37296.205438,793.831435,771.899196
1225.981494,77,37301.692742,-694.138229,1225.981494
654.815816,500,37336.423657,488.056783,654.815816
446.039298,500,37370.637602,119.455872,446.039298
-134.197057,237,37386.525594,923.516571,-134.197057
870.779549,500,37420.131345,7.813789,870.779549
-502.294958,449,37450.531813,1221.815864,-502.294958
708.299349,500,37484.932331,277.742464,708.299349
-812.356742,107,37492.457983,269.383433,-812.356742
1064.21672,500,37526.451577,618.124324,1064.21672
702.004022,500,37559.352209,492.829523,702.004022
-678.111938,124,37566.927711,451.760165,-678.111938
628.886657,500,37596.283181,562.224639,628.886657
422.45097,110,37602.87394,-694.325706,422.45097
-876.709264,37,37605.239216,1160.81654,-876.709264
395.985588,500,37634.884235,754.326698,395.985588
484.815912,500,37664.570956,344.756811,484.815912
-677.061439,275,37682.937866,916.690649,-677.061439
268.835933,500,37718.532348,151.521245,268.835933
614.788023,500,37753.290333,42.977493,614.788023
1146.815246,43,37756.330388,-887.29928,1146.815246
396.822963,500,37790.551103,249.980458,396.822963
820.274251,500,37824.382043,665.979665,820.274251
407.790998,500,37859.117363,268.275529,407.790998
848.053812,500,37892.04599,66.512968,848.053812
-827.922403,49,37895.089496,1215.512731,-827.922403
359.467299,500,37926.078382,309.508287,359.467299
793.788626,500,37957.471246,155.768322,793.788626
720.969982,500,37990.266623,576.704354,720.969982
711.255957,500,38023.658633,370.975305,711.255957
566.45754,500,38057.705551,93.740641,566.45754
353.248595,500,38091.047222,-175.498597,353.248595
729.163004,500,38122.174636,444.496888,729.163004
760.089221,500,38153.385106,308.787521,760.089221
708.040226,500,38184.891052,304.052396,708.040226
322.931123,500,38216.419082,516.548054,322.931123
-595.032551,99,38222.253453,1299.614815,-595.032551
291.790869,500,38255.884213,411.730942,291.790869
291.310452,500,38288.923247,49.83321,291.310452
910.280169,500,38321.147437,799.005089,910.280169
-592.699671,110,38327.768703,358.913846,-592.699671
847.816573,500,38358.627771,843.385086,847.816573
1247.448781,68,38362.766399,-762.632148,1247.448781
873.53352,500,38393.996155,490.67515,873.53352
513.492152,500,38424.543911,676.73034,513.492152
351.679703,369,38446.443717,2497.305642,351.679703
931.43079,500,38476.965333,1008.670812,931.43079
428.847512,500,38510.199775,158.767729,428.847512
819.665036,500,38542.919419,655.515821,819.665036
57.786866,500,38576.626618,716.077129,57.786866
831.798854,500,38609.966515,605.985765,831.798854
547.510629,500,39572.8728,915.347111,547.510629
613.11088,500,39606.535386,1039.57985,613.11088
429.557747,500,39637.871486,979.529469,429.557747
605.088219,500,39670.519552,25.095579,605.088219
458.196991,500,39703.439895,229.498171,458.196991
-478.4387,360,39727.387255,962.793695,-478.4387
703.730286,500,39761.649132,579.512751,703.730286
800.479495,500,39795.590674,901.573716,800.479495
527.104907,500,39826.946272,254.151357,527.104907
519.636136,500,39857.460118,43.323258,519.636136
603.992768,500,39890.02126,-117.853904,603.992768
588.206476,500,39924.061168,771.229359,588.206476
487.223299,500,39958.309585,85.032735,487.223299
644.91141,500,39992.460952,404.772836,644.91141
-912.206875,46,39995.599347,1092.569181,-912.206875
1238.589927,68,40000.153644,-776.57623,1238.589927
531.741902,500,40034.549569,129.196065,531.741902
565.868154,500,40067.767551,458.44017,565.868154
717.770168,500,40098.992623,207.391266,717.770168
629.654519,500,40129.024264,1005.487264,629.654519
943.996429,500,40167.866238,392.151941,943.996429
816.185997,500,40198.467025,609.00023,816.185997
836.484531,500,40230.309575,664.383836,836.484531
328.683392,105,40237.109135,-647.973336,328.683392
221.062748,109,40244.327852,-792.989665,221.062748
255.648328,500,40277.89573,41.105317,255.648328
-763.829315,66,40281.760284,1230.725831,-763.829315
864.68239,500,40314.633438,630.046702,864.68239
685.694094,500,40348.292969,835.413481,685.694094
-142.692694,500,40382.752156,853.239615,-142.692694
638.427625,500,40417.284724,469.467694,638.427625
1364.037609,149,40426.820768,-403.082804,1364.037609
889.623416,500,40461.38991,919.573242,889.623416
688.744245,500,40495.834909,313.040486,688.744245
2152.099064,306,40515.725874,140.739094,2152.099064
829.741405,500,40548.136616,829.009702,829.741405
618.104694,500,40581.187707,537.663203,618.104694
165.444696,500,40612.868419,124.481672,165.444696
723.129778,500,40648.58103,285.911068,723.129778
-207.156925,316,40672.523363,1146.906395,-207.156925
939.712393,500,40708.194589,-56.452466,939.712393
784.238788,500,40742.483545,542.641331,784.238788
594.11523,500,40779.478054,359.521413,594.11523
865.622895,500,40815.294659,570.743344,865.622895
713.425687,500,40849.618629,370.509646,713.425687
398.018198,500,40881.65016,437.224927,398.018198
328.245247,500,40913.507337,279.659797,328.245247
1176.61444,53,40917.036587,-799.193523,1176.61444
979.881827,500,40950.711392,903.803993,979.881827
342.85767,500,40985.342625,494.69091,342.85767
553.983842,500,41016.231251,529.670349,553.983842
760.918507,500,41046.810495,41.659575,760.918507
754.92314,500,41077.017095,235.433468,754.92314
230.817621,63,41080.584244,-803.991902,230.817621
571.224362,500,41111.489163,392.105746,571.224362
-847.534133,56,41114.501675,1249.30188,-847.534133
921.003037,500,41144.771283,980.521935,921.003037
505.19733,500,41175.37509,1005.382248,505.19733
-802.887974,66,41178.953209,1216.019346,-802.887974
625.584409,500,41209.548695,854.941805,625.584409
418.279981,500,41241.13406,139.930488,418.279981
759.855688,500,41272.801108,404.626052,759.855688
776.159907,500,41305.327206,859.353176,776.159907
116.012865,369,41330.273526,955.30414,116.012865
1138.160949,41,41332.995244,-840.268972,1138.160949
286.557058,500,41367.590239,164.124543,286.557058
305.046182,500,41400.518061,171.899014,305.046182
1469.889458,155,41410.528268,-512.058209,1469.889458
949.46114,500,41441.387373,933.16113,949.46114
-727.463284,85,41446.399117,1354.024328,-727.463284
-297.962491,218,41459.218705,859.679247,-297.962491
856.34315,500,41489.19879,-73.696503,856.34315
315.729714,500,41523.525965,428.321746,315.729714
614.700769,500,41557.284599,595.344796,614.700769
1162.312228,43,41560.36474,-852.633117,1162.312228
939.775715,500,41594.671694,402.265924,939.775715
181.459292,500,41629.618578,46.739663,181.459292
-60.03933,500,41663.038309,804.562717,-60.03933
-920.543044,86,41668.528175,120.809945,-920.543044
371.480243,500,41702.975433,545.782233,371.480243
645.91237,500,41738.145559,461.507218,645.91237
834.723318,500,41773.314178,423.918215,834.723318
-4.495037,500,41803.866091,-25.736862,-4.495037
805.723112,500,41834.997392,402.48773,805.723112
497.494188,500,41869.503428,-154.394583,497.494188
742.52169,500,41903.918016,28.724766,742.52169
634.989015,500,41938.898188,897.367218,634.989015
601.782766,500,41975.169344,463.223164,601.782766
901.305935,500,42009.460722,664.231275,901.305935
675.126579,500,42042.949369,624.304283,675.126579
681.83181,500,42074.122937,490.570492,681.83181
401.08296,500,42104.201138,63.124037,401.08296
753.549631,500,42138.530082,-297.357391,753.549631
948.372597,500,42172.897786,964.949844,948.372597
149.071806,500,42207.098244,460.963392,149.071806
554.810861,500,42241.683594,791.563708,554.810861
818.034364,500,42276.102685,96.945618,818.034364
-540.982116,382,42301.858941,1196.565647,-540.982116
733.006377,500,42336.458223,-145.944008,733.006377
-606.311282,109,42343.869265,1303.766085,-606.311282
238.488873,500,42378.171068,95.546864,238.488873
492.963064,500,42410.583656,202.486712,492.963064
579.800299,500,42441.908265,595.964047,579.800299
770.854607,500,42472.919216,771.833254,770.854607
1493.672029,129,42480.980401,-481.278577,1493.672029
654.752912,500,42511.277643,985.609959,654.752912
1217.542477,55,42514.621641,-783.672027,1217.542477
621.558852,500,42544.87837,603.763584,621.558852
367.99622,124,42552.052326,-756.623198,367.99622
844.719489,500,42584.853922,496.94216,844.719489
796.874853,500,42617.235046,872.616715,796.874853
-645.29624,127,42625.53335,1404.161785,-645.29624
829.202277,500,42659.238535,452.856263,829.202277
776.63238,500,42692.997491,320.637335,776.63238
392.782899,500,42726.197284,238.20542,392.782899
483.757854,395,42752.280921,2369.834656,483.757854
779.674214,500,42784.880385,724.963235,779.674214
619.864388,500,42815.529994,471.4778,619.864388
876.93535,500,42845.917339,687.563471,876.93535
-46.824749,500,42879.894084,595.116845,-46.824749
634.293912,500,42914.391417,141.099379,634.293912
521.458091,500,42945.929943,144.777364,521.458091
714.308538,500,42976.605443,-204.98035,714.308538
575.132261,500,43007.243532,498.045717,575.132261
1290.438704,92,43013.452282,-632.553889,1290.438704
805.852971,500,43045.228914,803.295477,805.852971
557.824838,500,43079.632392,805.641924,557.824838
791.288611,500,43114.302091,703.541367,791.288611
700.547304,500,43144.405466,614.647724,700.547304
920.930577,500,43174.213464,739.981526,920.930577
831.285028,500,43209.253751,1079.927183,831.285028
-826.578139,63,43213.795623,265.190273,-826.578139
919.919535,500,43248.607228,745.640436,919.919535
61.285352,500,43279.620226,932.426735,61.285352
927.721945,500,43310.051273,690.180881,927.721945
269.237291,500,43340.511926,327.40404,269.237291
526.77261,500,43370.732311,23.95938,526.77261
794.991876,500,43401.413102,347.719334,794.991876
641.111643,500,43430.969589,1044.341376,641.111643
835.595976,500,43465.077777,228.012442,835.595976
805.262986,500,43499.211949,752.783113,805.262986
295.685857,500,43532.484891,256.298572,295.685857
982.509038,500,43567.412359,615.869472,982.509038
171.19729,500,43602.352781,850.237944,171.19729
1221.779533,66,43606.562345,-803.487335,1221.779533
902.220189,500,43640.094168,474.716615,902.220189
